Group,component repository path,Branch,modified or newly added,Owner,Type,Layer,Source Type,Include,Justification
Apps,vendor/kpit/packages/apps/Launcher,konfluence_dev,New Added,Namdev,KPIT_IP,HMI_Application,Java,Yes,
LibraryUtils,vendor/kpit/packages/libs/scroll_lib,konfluence_dev,New Added,Namdev,KPIT_IP,HMI_Application,Java,Yes,
LibraryUtils,vendor/kpit/packages/libs/android_car,konfluence_dev,New Added,Namdev,AOSP,HMI_Application,,No,
LibraryUtils,vendor/kpit/packages/libs/android_support_car,konfluence_dev,New Added,Namdev,AOSP,HMI_Application,,No,
LibraryUtils,vendor/kpit/packages/libs/hmif,konfluence_dev,New Added,Namdev,KPIT_IP,HMI_Application,Java,Yes,
LibraryUtils,vendor/kpit/packages/libs/dexmaker,konfluence_dev,New Added,Namdev,AOSP,HMI_Application,,No,
Apps,vendor/kpit/packages/apps/Alexa,konfluence_dev,New Added,Namdev,KPIT_IP,HMI_Application,Java,Yes,
Services,vendor/kpit/packages/services/Konnect,konfluence_dev,New Added,Namdev,KPIT_IP,HMI_Application,Java,Yes,
Apps,vendor/kpit/packages/apps/KonnectHmi,konfluence_dev,New Added,Namdev,KPIT_IP,HMI_Application,Java,Yes,
Apps,vendor/kpit/packages/apps/HVAC,konfluence_dev,New Added,Namdev,KPIT_IP,HMI_Application,Java,Yes,
Apps,vendor/kpit/packages/apps/Settings,konfluence_dev,New Added,Namdev,KPIT_IP,HMI_Application,Java,Yes,
Apps,vendor/kpit/packages/apps/Wifi_Client,konfluence_dev,New Added,Namdev,KPIT_IP,HMI_Application,Java,Yes,
Apps,vendor/kpit/packages/apps/Equalizer,konfluence_dev,New Added,Namdev,KPIT_IP,HMI_Application,Java,Yes,
Apps,vendor/kpit/packages/apps/VolumeManager,konfluence_dev,New Added,Namdev,KPIT_IP,HMI_Application,Java,Yes,
Apps,vendor/kpit/packages/apps/Bluetooth,konfluence_dev,New Added,Rohit,KPIT_IP,HMI_Application,JAVA,Yes,
Apps,vendor/kpit/packages/apps/Telephony,konfluence_dev,New Added,Rohit,KPIT_IP,HMI_Application,JAVA,Yes,
Apps,vendor/kpit/packages/apps/Navigation,konfluence_dev,New Added,Namdev,KPIT_IP,HMI_Application,Java,Yes,
Apps,vendor/kpit/packages/apps/Media,konfluence_dev,New Added,Ashish Shinde,KPIT_IP,HMI_Application,Java,Yes,
Framework,vendor/kpit/framework/ccfbase,konfluence_dev,New Added,Naveen,KPIT_IP,IVI PF,JAVA,Yes,
Framework,vendor/kpit/framework/kiviccf,konfluence_dev,New Added,Naveen,KPIT_IP,IVI PF,Java / CPP,Yes,
mediatek,vendor/mediatek/mt2712/modules,konfluence_dev,New Added,Ashish Shinde,KPIT_IP,IVI PF,,No,Conti cobra hal
Framework,vendor/kpit/framework/bluetooth,konfluence_dev,New Added,Rohit,KPIT_IP,IVI PF,JAVA,Yes,
Framework,vendor/kpit/framework/projectionmanager,konfluence_dev,New Added,Yogesh,KPIT_IP,IVI PF,Java,Yes,
LibraryUtils,vendor/kpit/utils/carplay_role_switch,konfluence_dev,New Added,Sunita,KPIT_IP,BSP,,No,test_app
LibraryUtils,vendor/kpit/utils/mfi_auth_agent,konfluence_dev,New Added,Sunita,KPIT_IP,BSP,,No,test_app
LibraryUtils,vendor/kpit/utils/kontainer_exec,konfluence_dev,New Added,Sunita,KPIT_IP,BSP,,No,test_app
Framework,vendor/kpit/frameworks/native/libs/usb_aosp_plugin,konfluence_dev,New Added,Naveen,KPIT_IP,IVI PF,CPP,Yes,
Framework,vendor/kpit/framework/tuner,konfluence_dev,New Added,Ashish Shinde,KPIT_IP,IVI PF,Java,Yes,
Services,vendor/kpit/packages/services/ktuner,konfluence_dev,New Added,Ashish Shinde,KPIT_IP,IVI PF,java,Yes,
Projection,vendor/kpit/kivi/projection_protocol,konfluence_dev,New Added,Yogesh,3rd Party,IVI PF,,No,Google Receiver Library
Projection,vendor/kpit/kivi/ProjectionAccesoryStack,konfluence_dev,New Added,Yogesh,KPIT_IP,IVI PF,CPP,Yes,
Framework,vendor/kpit/framework/media,konfluence_dev,New Added,Ashish Shinde,KPIT_IP,IVI PF,Java,Yes,
Projection,vendor/kpit/kivi/ProjectionService,konfluence_dev,New Added,Yogesh,KPIT_IP,IVI PF,CPP,Yes,
Projection,vendor/kpit/kivi/ProjectionServer,konfluence_dev,New Added,Yogesh,KPIT_IP,IVI PF,CPP,Yes,
Apps,vendor/kpit/packages/apps/WiFi_Direct,konfluence_dev,New Added,Namdev,KPIT_IP,HMI_Application,Java,Yes,
Apps,vendor/kpit/packages/apps/Wifi_Hotspot,konfluence_dev,New Added,Namdev,KPIT_IP,HMI_Application,Java,Yes,
Services,vendor/kpit/packages/services/kbluetooth,konfluence_dev,New Added,Rohit,KPIT_IP,IVI PF,JAVA,Yes,
Framework,vendor/kpit/framework/phonebook,konfluence_dev,New Added,Rohit,KPIT_IP,IVI PF,JAVA,Yes,
Services,vendor/kpit/packages/services/kphonebook,konfluence_dev,New Added,Rohit,KPIT_IP,IVI PF,JAVA,Yes,
Framework,vendor/kpit/framework/Telephony,konfluence_dev,New Added,Rohit,KPIT_IP,IVI PF,JAVA,Yes,
Services,vendor/kpit/packages/services/ktelephony,konfluence_dev,New Added,Rohit,KPIT_IP,IVI PF,JAVA,Yes,
Apps,vendor/kpit/tomtom_map/apps/NavKitService,konfluence_dev,New Added,Namdev,3rd Party,HMI_Application,,No,
Apps,vendor/kpit/tomtom_map/apps/GoogleEngine,konfluence_dev,New Added,Namdev,3rd Party,HMI_Application,,No,
Apps,vendor/kpit/packages/apps/Phonebook,konfluence_dev,New Added,Rohit,KPIT_IP,HMI_Application,JAVA,Yes,
LibraryUtils,vendor/kpit/utils/auxdetect,konfluence_dev,New Added,Sunita,KPIT_IP,BSP,,No,test_app
Apps,vendor/kpit/packages/apps/AndroidAuto,konfluence_dev,New Added,Yogesh,KPIT_IP,HMI_Application,Java,Yes,
,vendor/kpit/automotive/vehicle,konfluence_dev,New Added,Tejasiwni,KPIT_IP,IVI PF,CPP,Yes,
Test,vendor/kpit/audio/testapps,konfluence_dev,New Added,Sunita,KPIT_IP,BSP,,No,test_app
Framework,vendor/kpit/framework/projection,konfluence_dev,New Added,Yogesh,KPIT_IP,IVI PF,Java,Yes,
Framework,vendor/kpit/framework/mediasourcemanager,konfluence_dev,New Added,Ashish Shinde,KPIT_IP,IVI PF,Java,Yes,
Apps,vendor/kpit/packages/apps/ADAS_Settings,konfluence_dev,New Added,Namdev,KPIT_IP,HMI_Application,Java,Yes,
Services,vendor/kpit/packages/services/auxmanagerservice,konfluence_dev,New Added,Naveen,KPIT_IP,IVI PF,CPP,Yes,
LibraryUtils,vendor/kpit/input/KonfluenceInputService,konfluence_dev,New Added,Tejasiwni,KPIT_IP,IVI PF,JAVA,Yes,
Framework,vendor/kpit/framework/groupplay,konfluence_dev,New Added,Namdev,KPIT_IP,IVI PF,Java,Yes,
LibraryUtils,vendor/kpit/packages/libs/kapi-bluetooth,konfluence_dev,New Added,Rohit,KPIT_IP,IVI PF,JAVA,Yes,
LibraryUtils,vendor/kpit/packages/libs/SWCGlobalService,konfluence_dev,New Added,Namdev,KPIT_IP,IVI PF,Java,Yes,
Framework,vendor/kpit/frameworks/native/libs/kiviconnectivity,konfluence_dev,New Added,Naveen,KPIT_IP,IVI PF,CPP,Yes,
SysInfra,vendor/kpit/kivi/persDbConfig,konfluence_dev,New Added,Tejasiwni,KPIT_IP,IVI PF,,No,This component is just for post processing of build to copy IVI persistence DB to dom0 rootfs. Hence no need to do any SCA or UT etc.
Projection,vendor/kpit/kivi/CarPlay_CommunicationPlugin,konfluence_dev,New Added,Yogesh,3rd Party,IVI PF,,No,Communication Plug-in from Apple 
,vendor/kpit/utils/kchg_prop,konfluence_dev,New Added,Sunita,KPIT_IP,BSP,,No,Utility to change display property
,vendor/kpit/kivi/iap2Stack,konfluence_dev,New Added,Yogesh,KPIT_IP,IVI PF,CPP,Yes,
Services,konfluence/adas/adas_service,konfluence_dev,New Added,Tejasiwni,KPIT_IP,IVI PF,,No,"This component is common between adas and IVI. For unit testing and SCA, component is already considered under yocto linux list"
Framework,kxframework.git,konfluence_dev,New Added,Naveen,KPIT_IP,IVI PF,CPP,Yes,
Konnect,kiviccf.git,konfluence_dev,New Added,Naveen,KPIT_IP,IVI PF,CPP,Yes,
,kivicore.git,konfluence_dev,New Added,Tejasiwni,KPIT_IP,IVI PF,,No,"This component is common between linux containers and IVI. For unit testing and SCA, component is already considered under yocto linux list"
,genivi/dlt-daemon.git,konfluence_dev,New Added,Tejasiwni,FOSS_KPIT_Modified,IVI PF,,No,"This is FOSS component. This component is common between dom0 and IVI. For unit testing and SCA for KPIT modifications, component is already considered under yocto linux list."
Konnect,ccfbase.git,konfluence_dev,New Added,Naveen,KPIT_IP,IVI PF,CPP,Yes,
Services,devicemanagerservice.git,konfluence_dev,New Added,Naveen,KPIT_IP,IVI PF,CPP,Yes,
,usbmgr.git,konfluence_dev,New Added,Naveen,KPIT_IP,IVI PF,CPP,Yes,
SysInfra,genivi/persistence-administrator.git,konfluence_dev,New Added,Tejasiwni,FOSS_KPIT_Modified,IVI PF,,No,"This is FOSS component. This component is common between dom0 and IVI. For unit testing and SCA for KPIT modifications, component is already considered under yocto linux list."
SysInfra,genivi/persistence-client-library.git,konfluence_dev,New Added,Tejasiwni,FOSS_KPIT_Modified,IVI PF,,No,"This is FOSS component. This component is common between dom0 and IVI. For unit testing and SCA for KPIT modifications, component is already considered under yocto linux list."
SysInfra,genivi/persistence-common-object.git,konfluence_dev,New Added,Tejasiwni,FOSS_KPIT_Modified,IVI PF,,No,"This is FOSS component. This component is common between dom0 and IVI. For unit testing and SCA for KPIT modifications, component is already considered under yocto linux list."
SysInfra,mw/kivipersistency.git,konfluence_dev,New Added,Tejasiwni,FOSS_KPIT_Modified,IVI PF,CPP,Yes,This repo contains source code for native C++ as well as JNI interface for JAVA clients. SCA and UT for C++ source code is already considered under linux list. Only JNI part will be applicable for AOSP
SysInfra,mw/kwatchdog.git,konfluence_dev,New Added,Tejasiwni,KPIT_IP,IVI PF,CPP,Yes,
SysInfra,konfluence/konfluence_vehicle_gateway.git,konfluence_dev,New Added,Tejasiwni,KPIT_IP,IVI PF,,No,"This component is common between dom0 and IVI. For unit testing and SCA, component is already considered under yocto linux list"
SysInfra,konfluence/konfluence_power_manager.git,konfluence_dev,New Added,Tejasiwni,KPIT_IP,IVI PF,,No,"This component is common between dom0 and IVI. For unit testing and SCA, component is already considered under yocto linux list"
mediatek,android-car/device/mediatek/mt2712,konfluence_dev,Modified,Multiple,KPIT_Modified,PF_Build_Configuration,,No,build config files
mediatek,android-car/device/mediatek/patch,konfluence_dev,Modified,MediaTek,KPIT_Modified,PF_Build_Configuration,,No,Patches from MediaTek
mediatek,android-car/device/mediatek_projects,konfluence_dev,Modified,Multiple,KPIT_Modified,PF_Build_Configuration,,No,build config files
,android-car/kernel-4.19,konfluence_dev,Modified,Sunita,KPIT_Modified,Kernel,,No,Open Source
mediatek,android-car/meta/meta-mediatek-azalea,konfluence_dev,Modified,Sunita,KPIT_Modified,PF_Build_Configuration,,No,Used only for partitioning
mediatek,android-car/platform/hardware/mediatek/audio,konfluence_dev,Modified,Sunita,KPIT_Modified,HAL,CPP,Yes,
mediatek,android-car/platform/hardware/mediatek/display,konfluence_dev,Modified,Sunita,KPIT_Modified,HAL,C / CPP,Yes,
mediatek,android-car/platform/hardware/mediatek/media,konfluence_dev,Modified,MediaTek,KPIT_Modified,HAL,,No,
SysInfra,android-car/src/bsp/lk,konfluence_dev,Modified,Sunita,KPIT_Modified,Bootloader,C,Yes,
SysInfra,android-car/src/tinysys/mt2712,konfluence_dev,Modified,Sunita,KPIT_Modified,Bootloader,C,Yes,
,device/generic/car,konfluence_dev,Modified,Multiple,KPIT_Modified,PF_Build_Configuration,,No,Added configuration to use KPIT vehicle HAL
,kernel/configs,konfluence_dev,Modified,Sunita,KPIT_Modified,Kernel,,No,Config files
,platform/build,konfluence_dev,Modified,Multiple,KPIT_Modified,PF_Build_Configuration,,No,build config files
Framework,platform/frameworks/av,konfluence_dev,Modified,Sunita,KPIT_Modified,AOSP,,No,
Framework,platform/frameworks/base,konfluence_dev,Modified,Multiple,KPIT_Modified,AOSP,Java / CPP,Yes,
SysInfra,platform/hardware/interfaces,konfluence_dev,Modified,Multiple,KPIT_Modified,HAL,CPP,Yes,
Apps,platform/packages/apps/Bluetooth,konfluence_dev,Modified,Rohit,KPIT_Modified,AOSP,JAVA,Yes,
Apps,platform/packages/apps/Car/Settings,konfluence_dev,Modified,Namdev,KPIT_Modified,AOSP,Java,Yes,
Services,platform/packages/services/Car,konfluence_dev,Modified,Namdev,KPIT_Modified,AOSP,Java,Yes,
SysInfra,platform/system/bt,konfluence_dev,Modified,Rohit,KPIT_Modified,AOSP,,No,Only AIDL updates
SysInfra,platform/system/core,konfluence_dev,Modified,Sunita,KPIT_Modified,AOSP,,No,
SysInfra,platform/system/sepolicy,konfluence_dev,Modified,Prasad TVR,KPIT_Modified,,,No,SE Policy
SysInfra,platform/system/tools/aidl,konfluence_dev,Modified,None,KPIT_Modified,,,No,
SysInfra,platform/system/vold,konfluence_dev,Modified,Naveen,KPIT_Modified,AOSP,CPP,Yes,
