﻿Modules,Source Type,SCA,UT,FOSS,AOSP,YOCTO,component repository path,Branch,modified or newly added,Type,Layer,Owner,"Justification notes for SCA, UT",Include
ADAS,CPP,Yes,,,Yes,Yes,adas,konfluence_dev,Open source,KPIT_Modified,PF,Tejaswini,We have integrated open source algoritm so no need to perform SCA on open source items. SCA will be applicable only for KPIT modifications for integration,Yes
Android ADAS Settings Application,Java,Yes,,,Yes,No,vendor/kpit/packages/apps/ADAS_Settings,konfluence_dev,New Added,KPIT_IP,HMI_Application,Namdev,,Yes
Android Alexa Application,Java,Yes,,,Yes,No,vendor/kpit/packages/apps/Alexa,konfluence_dev,New Added,KPIT_IP,HMI_Application,Namdev,,Yes
Android Audio Setting Application,Java,Yes,,,Yes,No,vendor/kpit/packages/apps/Equalizer,konfluence_dev,New Added,KPIT_IP,HMI_Application,Namdev,,Yes
Android Audio Setting Application,Java,Yes,,,Yes,No,vendor/kpit/packages/apps/VolumeManager,konfluence_dev,New Added,KPIT_IP,HMI_Application,Namdev,,Yes
Android Bluetooth Settings Application,Java,Yes,,,Yes,No,vendor/kpit/packages/apps/Bluetooth,konfluence_dev,New Added,KPIT_IP,HMI_Application,Rohit,,Yes
Android HMI Framework,Java,Yes,,,Yes,No,vendor/kpit/packages/libs/hmif,konfluence_dev,New Added,KPIT_IP,HMI_Application,Namdev,,Yes
Android HMI Framework,Java,Yes,,,Yes,No,vendor/kpit/packages/libs/scroll_lib,konfluence_dev,New Added,KPIT_IP,HMI_Application,Namdev,,Yes
Android HMI Framework,Java,Yes,,,Yes,No,vendor/kpit/packages/libs/SWCGlobalService,konfluence_dev,New Added,KPIT_IP,IVI PF,Namdev,,Yes
Android HVAC Application,Java,Yes,,,Yes,No,vendor/kpit/packages/apps/HVAC,konfluence_dev,New Added,KPIT_IP,HMI_Application,Namdev,,Yes
Android Input Service,Java,Yes,,,Yes,No,vendor/kpit/input/KonfluenceInputService,konfluence_dev,New Added,KPIT_IP,IVI PF,Tejaswini,,Yes
Android Konnect,Java,Yes,,,Yes,No,vendor/kpit/packages/services/Konnect,konfluence_dev,New Added,KPIT_IP,HMI_Application,Namdev,,Yes
Android Konnect Application,Java,Yes,,,Yes,No,vendor/kpit/packages/apps/KonnectHmi,konfluence_dev,New Added,KPIT_IP,HMI_Application,Namdev,,Yes
Android Launcher Application,Java,Yes,,,Yes,No,vendor/kpit/packages/apps/Launcher,konfluence_dev,New Added,KPIT_IP,HMI_Application,Namdev,,Yes
Android Media Application,Java,Yes,,,Yes,No,vendor/kpit/packages/apps/Media,konfluence_dev,New Added,KPIT_IP,HMI_Application,Ashish Shinde,,Yes
Android Navigation Application,Java,Yes,,,Yes,No,vendor/kpit/packages/apps/Navigation,konfluence_dev,New Added,KPIT_IP,HMI_Application,Namdev,,Yes
Android Phonebook Application,Java,Yes,,,Yes,No,vendor/kpit/packages/apps/Phonebook,konfluence_dev,New Added,KPIT_IP,HMI_Application,Rohit,,Yes
Android Projection Application,Java,Yes,,,Yes,No,vendor/kpit/packages/apps/AndroidAuto,konfluence_dev,New Added,KPIT_IP,HMI_Application,Yogesh,,Yes
Android Telephony Application,Java,Yes,,,Yes,No,vendor/kpit/packages/apps/Telephony,konfluence_dev,New Added,KPIT_IP,HMI_Application,Rohit,,Yes
Android User Settings Application,Java,Yes,,,Yes,No,vendor/kpit/packages/apps/Settings,konfluence_dev,New Added,KPIT_IP,HMI_Application,Namdev,,Yes
Android Wi-Fi Application,Java,Yes,,,Yes,No,vendor/kpit/packages/apps/Wifi_Client,konfluence_dev,New Added,KPIT_IP,HMI_Application,Namdev,,Yes
Android Wi-Fi Application,Java,Yes,,,Yes,No,vendor/kpit/packages/apps/WiFi_Direct,konfluence_dev,New Added,KPIT_IP,HMI_Application,Namdev,,Yes
Android Wi-Fi Application,Java,Yes,,,Yes,No,vendor/kpit/packages/apps/Wifi_Hotspot,konfluence_dev,New Added,KPIT_IP,HMI_Application,Namdev,,Yes
AOSP Bluetooth Application,Java,Yes,,,Yes,No,packages/apps/Bluetooth,konfluence_dev,Modified,KPIT_Modified,AOSP,Rohit,,Yes
AOSP Car Service,Java,Yes,,,Yes,No,packages/services/Car,konfluence_dev,Modified,KPIT_Modified,AOSP,Namdev,,Yes
AOSP Car Settings Application,Java,Yes,,,Yes,No,packages/apps/Car/Settings,konfluence_dev,Modified,KPIT_Modified,AOSP,Namdev,,Yes
AOSP Device Management,CPP,Yes,,,Yes,No,system/vold,konfluence_dev,Modified,KPIT_Modified,AOSP,Naveen,,Yes
AOSP ModifiedJ,"Java, CPP",Yes,,,Yes,No,frameworks/base,konfluence_dev,Modified,KPIT_Modified,AOSP,Multiple,,Yes
AOSP ModifiedC,CPP,Yes,,,Yes,No,hardware/interfaces,konfluence_dev,Modified,KPIT_Modified,HAL,Multiple,,Yes
Audio HAL,CPP,Yes,,,Yes,No,android-car/platform/hardware/mediatek/audio,konfluence_dev,Modified,KPIT_Modified,HAL,Sunita,,Yes
Audio Management,CPP,Yes,,,No,Yes,audio-master,./recipes-hmi/cluster-ui.bb,New Added,KPIT_IP,PF,Sunita,,Yes
Bluetooth Connection Management,Java,Yes,,,Yes,No,vendor/kpit/framework/bluetooth,konfluence_dev,New Added,KPIT_IP,IVI PF,Rohit,,Yes
Bluetooth Connection Management,Java,Yes,,,Yes,No,vendor/kpit/packages/libs/kapi-bluetooth,konfluence_dev,New Added,KPIT_IP,IVI PF,Rohit,,Yes
Bluetooth Connection Management,Java,Yes,,,Yes,No,vendor/kpit/packages/services/kbluetooth,konfluence_dev,New Added,KPIT_IP,IVI PF,Rohit,,Yes
Bluetooth Phonebook,Java,Yes,,,Yes,No,vendor/kpit/framework/phonebook,konfluence_dev,New Added,KPIT_IP,IVI PF,Rohit,,Yes
Bluetooth Phonebook,Java,Yes,,,Yes,No,vendor/kpit/packages/services/kphonebook,konfluence_dev,New Added,KPIT_IP,IVI PF,Rohit,,Yes
Bootloader,C,Yes,,,Yes,No,android-car/src/bsp/lk,konfluence_dev,Modified,KPIT_Modified,Bootloader,Sunita,,Yes
Bootloader,C,Yes,,,Yes,No,android-car/src/tinysys/mt2712,konfluence_dev,Modified,KPIT_Modified,Bootloader,Sunita,,Yes
Cluster - HMI,"CPP, Qt, QML",Yes,,,No,Yes,clusterrenderer,konfluence_dev,New Added,KPIT_IP,HMI (Cluster),Prashant,Katapult Phase 2 (Qt/QML code),Yes
Cluster Driver Assistant Application,CPP,Yes,,,No,Yes,kappdriverassistclient,konfluence_dev,New Added,KPIT_IP,HMI App,Prashant,Katapult Phase 2,Yes
Cluster Driver Assistence  Middleware,CPP,Yes,,,No,Yes,kdriverassistclient,konfluence_dev,New Added,KPIT_IP,Cluster PF (MW App),Prashant,Katapult Phase 2,Yes
Cluster Gauge Application,CPP,Yes,,,No,Yes,kappgauge,konfluence_dev,New Added,KPIT_IP,HMI App,Prashant,Katapult Phase 1,Yes
Cluster Gauge Middleware,CPP,Yes,,,No,Yes,kgauge,konfluence_dev,New Added,KPIT_IP,Cluster PF (MW App),Prashant,Katapult Phase 1,Yes
Cluster Input Application,CPP,Yes,,,No,Yes,kappinput,konfluence_dev,New Added,KPIT_IP,HMI App,Prashant,Katapult Phase 2,Yes
Cluster Input Middleware,CPP,Yes,,,No,Yes,kswinput,konfluence_dev,New Added,KPIT_IP,Cluster PF (MW App),Prashant,Katapult Phase 2,Yes
Cluster IVI Client Application,CPP,Yes,,,No,Yes,kappiviclient,konfluence_dev,New Added,KPIT_IP,HMI App,Prashant,Katapult Phase 2,Yes
Cluster IVI Client Middleware,CPP,Yes,,,No,Yes,kiviclient,konfluence_dev,New Added,KPIT_IP,Cluster PF (MW App),Prashant,Katapult Phase 2,Yes
Cluster Middleware,CPP,Yes,,,No,Yes,ksvcmw,konfluence_dev,New Added,KPIT_IP,Cluster PF (MW),Prashant,Katapult Phase 2,Yes
Cluster Status Bar Application,CPP,Yes,,,No,Yes,kappstatusbar,konfluence_dev,New Added,KPIT_IP,HMI App,Prashant,Katapult Phase 1,Yes
Cluster Telltale Application,CPP,Yes,,,No,Yes,kapptelltale,konfluence_dev,New Added,KPIT_IP,HMI App,Prashant,Katapult Phase 1,Yes
Cluster Telltale Middleware,CPP,Yes,,,No,Yes,ktelltale,konfluence_dev,New Added,KPIT_IP,Cluster PF (MW App),Prashant,Katapult Phase 1,Yes
Connectivity,CPP,Yes,,,Yes,No,vendor/kpit/kivi/kxframework,konfluence_dev,New Added,KPIT_IP,IVI PF,Naveen,,Yes
Device ManagementC,CPP,Yes,,,Yes,No,vendor/kpit/kivi/ccfbase,konfluence_dev,New Added,KPIT_IP,IVI PF,Naveen,,Yes
Device ManagementC,CPP,Yes,,,Yes,No,vendor/kpit/kivi/devicemanagerservice,konfluence_dev,New Added,KPIT_IP,IVI PF,Naveen,,Yes
Device ManagementC,CPP,Yes,,,Yes,No,vendor/kpit/kivi/kiviccf,konfluence_dev,New Added,KPIT_IP,IVI PF,Naveen,,Yes
Device ManagementC,CPP,Yes,,,Yes,No,vendor/kpit/kivi/usbmgr,konfluence_dev,New Added,KPIT_IP,IVI PF,Naveen,,Yes
Device ManagementC,CPP,Yes,,,Yes,No,vendor/kpit/frameworks/native/libs/kiviconnectivity,konfluence_dev,New Added,KPIT_IP,IVI PF,Naveen,,Yes
Device ManagementC,CPP,Yes,,,Yes,No,vendor/kpit/packages/services/auxmanagerservice,konfluence_dev,New Added,KPIT_IP,IVI PF,Naveen,,Yes
Device ManagementJ,"Java, CPP",Yes,,,Yes,No,vendor/kpit/framework/kiviccf,konfluence_dev,New Added,KPIT_IP,IVI PF,Naveen,"DatabaseManager.cpp, DeviceDBJni.cpp",Yes
Device ManagementJ,Java,Yes,,,Yes,No,vendor/kpit/framework/ccfbase,konfluence_dev,New Added,KPIT_IP,IVI PF,Naveen,,Yes
Display,CPP,Yes,,,No,Yes,display-master,konfluence_dev,New Added,KPIT_IP,PF,Sunita,,Yes
Display,C,Yes,,,No,Yes,libdrm_2.4.100,NA,Open source,KPIT_Modified,-,Sunita,Applicable only for KPIT modified source code,Yes
Display,C,Yes,,,No,Yes,wayland-ivi-extension_git,NA,Open source,KPIT_Modified,-,Sunita,Applicable only for KPIT modified source code,Yes
Display HAL,"C, CPP",Yes,,,Yes,No,android-car/platform/hardware/mediatek/display,konfluence_dev,Modified,KPIT_Modified,HAL,Sunita,,Yes
Health Monitoring,CPP,Yes,?,,No,Yes,konfluence-central-health-manager,konfluence_dev,New Added,KPIT_IP,PF,Sunita,,Yes
Health Monitoring,CPP,Yes,?,,No,Yes,konfluence-local-health-monitor,konfluence_dev,New Added,KPIT_IP,PF,Sunita,,Yes
HUD - HMI,"CPP, Qt, QML",Yes,,,No,Yes,hudrenderer,konfluence_dev,New Added,KPIT_IP,HMI (HUD),Prashant,Katapult Phase 2 (Qt/QML code),Yes
ICC,CPP,Yes,,,No,Yes,konfluence-spi-inc,konfluence_dev,New Added,KPIT_IP,PF,Sunita,,Yes
IPC,CPP,Yes,?,,No,Yes,kivi-service-manager,./recipes-support/boost/boost_1.66.0.bb,,KPIT_IP,PF,Sunita,,Yes
KIVI Core,CPP,Yes,,,Yes,Yes,kivicore,konfluence_dev,New Added,KPIT_IP,PF,Tejaswini,"This component is common between linux containers and IVI. For unit testing and SCA, component is already considered under yocto linux list",Yes
KRUX,CPP,Yes,,,No,Yes,kapi-krux,konfluence_dev,New Added,KPIT_IP,HMI App,Prashant,Katapult Phase 1,Yes
KRUX,CPP,Yes,,,No,Yes,krux,konfluence_dev,New Added,KPIT_IP,HMI App Framework,Prashant,Katapult Phase 1,Yes
Lifecycle,CPP,Yes,?,,No,Yes,kllifecycle,konfluence_dev,New Added,KPIT_IP,PF,Tejaswini,,Yes
Logger - KIVI,CPP,Yes,,,No,Yes,klogger,konfluence_dev,New Added,KPIT_IP,PF,Tejaswini,,Yes
Media,Java,Yes,,,Yes,No,vendor/kpit/framework/groupplay,konfluence_dev,New Added,KPIT_IP,IVI PF,Namdev,,Yes
Media,Java,Yes,,,Yes,No,vendor/kpit/framework/media,konfluence_dev,New Added,KPIT_IP,IVI PF,Ashish Shinde,,Yes
Media,Java,Yes,,,Yes,No,vendor/kpit/framework/mediasourcemanager,konfluence_dev,New Added,KPIT_IP,IVI PF,Ashish Shinde,,Yes
Node State Manager,"C, CPP",Yes,?,,No,Yes,node-state-manager,konfluence_dev,Open source,KPIT_Modified,GENIVI,Tejaswini,Applicable only for KPIT modified source code,Yes
Persistence,CPP,Yes,?,,Yes,Yes,kivipersistency,konfluence_dev,New Added,KPIT_Modified,PF,Tejaswini,This repo contains source code for native C++ as well as JNI interface for JAVA clients. SCA and UT for C++ source code is already considered under linux list. Only JNI part will be applicable for AOSP,Yes
Persistence Admin,CPP,Yes,?,,Yes,Yes,persistence-administrator_git,konfluence_dev,Open source,KPIT_Modified,GENIVI,Tejaswini,Applicable only for KPIT modified source code,Yes
Persistence Client,CPP,Yes,?,,Yes,Yes,persistence-client-library_git,konfluence_dev,Open source,KPIT_Modified,GENIVI,Tejaswini,Applicable only for KPIT modified source code,Yes
Persistence CO,CPP,Yes,?,,Yes,Yes,persistence-common-object_git,konfluence_dev,Open source,KPIT_Modified,GENIVI,Tejaswini,Applicable only for KPIT modified source code,Yes
Power Manager,CPP,Yes,,,Yes,Yes,power-manager,konfluence_dev,New Added,KPIT_IP,IVI PF,Tejaswini,"This component is common between dom0 and IVI. For unit testing and SCA, component is already considered under yocto linux list",Yes
ProjectionC,CPP,Yes,,,Yes,No,vendor/kpit/frameworks/native/libs/usb_aosp_plugin,konfluence_dev,New Added,KPIT_IP,IVI PF,Naveen,,Yes
ProjectionC,CPP,Yes,,,Yes,No,vendor/kpit/kivi/iap2Stack,konfluence_dev,New Added,KPIT_IP,IVI PF,Yogesh,,Yes
ProjectionC,CPP,Yes,,,Yes,No,vendor/kpit/kivi/ProjectionAccesoryStack,konfluence_dev,New Added,KPIT_IP,IVI PF,Yogesh,,Yes
ProjectionC,CPP,Yes,,,Yes,No,vendor/kpit/kivi/ProjectionServer,konfluence_dev,New Added,KPIT_IP,IVI PF,Yogesh,,Yes
ProjectionC,CPP,Yes,,,Yes,No,vendor/kpit/kivi/ProjectionService,konfluence_dev,New Added,KPIT_IP,IVI PF,Yogesh,,Yes
ProjectionJ,Java,Yes,,,Yes,No,vendor/kpit/framework/projection,konfluence_dev,New Added,KPIT_IP,IVI PF,Yogesh,,Yes
ProjectionJ,Java,Yes,,,Yes,No,vendor/kpit/framework/projectionmanager,konfluence_dev,New Added,KPIT_IP,IVI PF,Yogesh,,Yes
Software Watchdog,CPP,Yes,,,Yes,No,mw/kwatchdog.git,konfluence_dev,New Added,KPIT_IP,IVI PF,Tejaswini,,Yes
Telephony,Java,Yes,,,Yes,No,vendor/kpit/framework/Telephony,konfluence_dev,New Added,KPIT_IP,IVI PF,Rohit,,Yes
Telephony,Java,Yes,,,Yes,No,vendor/kpit/packages/services/ktelephony,konfluence_dev,New Added,KPIT_IP,IVI PF,Rohit,,Yes
Tuner,Java,Yes,,,Yes,No,vendor/kpit/framework/tuner,konfluence_dev,New Added,KPIT_IP,IVI PF,Ashish Shinde,,Yes
Tuner,Java,Yes,,,Yes,No,vendor/kpit/packages/services/ktuner,konfluence_dev,New Added,KPIT_IP,IVI PF,Ashish Shinde,,Yes
Vehicle Data Access,CPP,Yes,,,No,Yes,kvdacd,konfluence_dev,New Added,KPIT_IP,PF,Tejaswini,,Yes
Vehicle Gateway,CPP,Yes,,,No,Yes,vehicle-gateway,konfluence_dev,New Added,KPIT_IP,PF,Tejaswini,"This component is common between dom0 and IVI. For unit testing and SCA, component is already considered under yocto linux list",Yes
Vehicle HAL,CPP,Yes,,,Yes,No,vendor/kpit/automotive/vehicle,konfluence_dev,New Added,KPIT_IP,IVI PF,Tejaswini,,Yes
,,No,,,-,-,assimp_v5.0.1,-,,-,,Sunita,Not the owner ( also i think its not used in konfluence),?
,,No,,,No,Yes,bjam-native_1.66.0,,Open source,,,NA,Open sourced hence no need for SCA,No
,,No,,,No,Yes,boost_1.66.0,,Open source,,,NA,Open sourced hence no need for SCA,No
,,No,,,No,Yes,cluster-animation,NA,,Test/Dummy UI,HMI,Prashant,These repos contains the test/dummy UI for Cluster,No
,,No,,,No,Yes,cluster-ui,NA,,Test/Dummy UI,HMI,Prashant,These repos contains the test/dummy UI for Cluster,No
,,No,,,No,Yes,curl_7.66.0,,Open source,,,NA,Open sourced hence no need for SCA,No
,,No,,,No,Yes,icc,,Open source,,,NA,Open sourced hence no need for SCA,No
,,No,,,No,Yes,kivicmake,konfluence_dev,New Added,KPIT_IP,-,Tejaswini,"This repository contains only findcmake and not the source code, hence no need for SCA",No
,,No,,,-,-,kivicorelite,./recipes-support/boost/bjam-native_1.66.0.bb,New Added,,,NA,Not used in konfluence,No
,,No,,,-,-,kivi-sdl,,New Added,,,NA,Not used in konfluence,No
,,No,,,-,-,kl-ringer,-,,-,-,Sunita,Not used in konfluence,No
,,No,,,No,Yes,runit_git,NA,Open source,FOSS,PF,Tejaswini,"Open source component, no KPIT modifications",No
,,No,,,No,Yes,runit-base-services_0.1,NA,Open source,FOSS,PF,Tejaswini,"Open source component, no KPIT modifications",No
,,No,,,-,-,sdl-core,,Open source,,,NA,Not used in konfluence,No
,,No,,,-,-,startup-sequence,,NA,,,NA,Not valid component,No
,,No,,,Yes,No,android-car/device/mediatek/mt2712,konfluence_dev,Modified,KPIT_Modified,PF_Build_Configuration,Multiple,build config files,No
,,No,,,Yes,No,android-car/device/mediatek/patch,konfluence_dev,Modified,KPIT_Modified,PF_Build_Configuration,MediaTek,Patches from MediaTek,No
,,No,,,Yes,No,android-car/device/mediatek_projects,konfluence_dev,Modified,KPIT_Modified,PF_Build_Configuration,Multiple,build config files,No
,,No,,,Yes,No,android-car/kernel-4.19,konfluence_dev,Modified,KPIT_Modified,Kernel,Sunita,Open Source,No
,,No,,,Yes,No,android-car/meta/meta-mediatek-azalea,konfluence_dev,Modified,KPIT_Modified,PF_Build_Configuration,Sunita,Used only for partitioning,No
,,No,,,Yes,No,android-car/platform/hardware/mediatek/media,konfluence_dev,Modified,KPIT_Modified,HAL,MediaTek,,No
,,No,,,Yes,No,device/generic/car,konfluence_dev,Modified,KPIT_Modified,PF_Build_Configuration,Multiple,Added configuration to use KPIT vehicle HAL,No
,,No,,,Yes,Yes,genivi/dlt-daemon.git,konfluence_dev,Open source,KPIT_Modified,GENIVI,Tejaswini,"This is FOSS component. This component is common between dom0 and IVI. For unit testing and SCA for KPIT modifications, component is already considered under yocto linux list.",No
,,No,,,Yes,No,kernel/configs,konfluence_dev,Modified,KPIT_Modified,Kernel,Sunita,Config files,No
,,No,,,Yes,No,platform/build,konfluence_dev,Modified,KPIT_Modified,PF_Build_Configuration,Multiple,build config files,No
,,No,,,Yes,No,frameworks/av,konfluence_dev,Modified,KPIT_Modified,AOSP,Sunita,,No
,,No,,,Yes,No,system/bt,konfluence_dev,Modified,KPIT_Modified,AOSP,Rohit,Only AIDL updates,No
,,No,,,Yes,No,system/core,konfluence_dev,Modified,KPIT_Modified,AOSP,Sunita,,No
,,No,,,Yes,No,system/sepolicy,konfluence_dev,Modified,KPIT_Modified,,Prasad TVR,SE Policy,No
,,No,,,Yes,No,system/tools/aidl,konfluence_dev,Modified,KPIT_Modified,,NA,,No
,,No,,,-,-,vendor/kpit/audio/testapps,konfluence_dev,New Added,KPIT_IP,BSP,Sunita,test_app,No
,,No,,,Yes,No,vendor/kpit/kivi/CarPlay_CommunicationPlugin,konfluence_dev,New Added,3rd Party,IVI PF,Yogesh,Communication Plug-in from Apple ,No
,,No,,,Yes,No,vendor/kpit/kivi/persDbConfig,konfluence_dev,New Added,KPIT_IP,IVI PF,Tejaswini,This component is just for post processing of build to copy IVI persistence DB to dom0 rootfs. Hence no need to do any SCA or UT etc.,No
,,No,,,Yes,No,vendor/kpit/kivi/projection_protocol,konfluence_dev,New Added,3rd Party,IVI PF,Yogesh,Google Receiver Library,No
,,No,,,Yes,No,vendor/kpit/packages/libs/android_car,konfluence_dev,New Added,AOSP,HMI_Application,Namdev,,No
,,No,,,Yes,No,vendor/kpit/packages/libs/android_support_car,konfluence_dev,New Added,AOSP,HMI_Application,Namdev,,No
,,No,,,Yes,No,vendor/kpit/packages/libs/dexmaker,konfluence_dev,New Added,AOSP,HMI_Application,Namdev,,No
,,No,,,Yes,No,vendor/kpit/tomtom_map/apps/GoogleEngine,konfluence_dev,New Added,3rd Party,HMI_Application,Namdev,,No
,,No,,,Yes,No,vendor/kpit/tomtom_map/apps/NavKitService,konfluence_dev,New Added,3rd Party,HMI_Application,Namdev,,No
,,No,,,Yes,No,vendor/kpit/utils/auxdetect,konfluence_dev,New Added,KPIT_IP,BSP,Sunita,test_app,No
,,No,,,Yes,No,vendor/kpit/utils/carplay_role_switch,konfluence_dev,New Added,KPIT_IP,BSP,Sunita,test_app,No
,,No,,,Yes,No,vendor/kpit/utils/kchg_prop,konfluence_dev,New Added,KPIT_IP,BSP,Sunita,Utility to change display property,No
,,No,,,Yes,No,vendor/kpit/utils/kontainer_exec,konfluence_dev,New Added,KPIT_IP,BSP,Sunita,test_app,No
,,No,,,Yes,No,vendor/kpit/utils/mfi_auth_agent,konfluence_dev,New Added,KPIT_IP,BSP,Sunita,test_app,No
,,No,,,Yes,No,vendor/mediatek/mt2712/modules,konfluence_dev,New Added,KPIT_IP,IVI PF,Ashish Shinde,Conti cobra hal,No
