{
	"issue": {
		"project": {
			"name": "ecockpit"
		},
		"tracker": {
			"name": "Bug"
		},
		"status": {
			"name": "New"
		},
		"priority": {
			"name": "Normal"
		},
		"author": {
			"name": "suryakant walunj"
		},
		"assigned_to": {
			"name": "suryakant walunj"
		},
		"subject": "Metadata mismatch on continuous next on USB",
		"description": "Avinash: New integration ticket.",
		"start_date": "2021-08-10",
		"due_date": null,
		"done_ratio": 0,
		"is_private": false,
		"estimated_hours": null,
		"total_estimated_hours": null,
		"custom_fields": [
			{
				"name": "Component Name",
				"value": ""
			},
			{
				"name": "New",
				"value": "1"
			},
			{
				"name": "Git Repo Path",
				"value": ""
			},
			{
				"name": "Git Server",
				"value": ""
			},
			{
				"name": "Branch ",
				"value": ""
			},
			{
				"name": "Commit ID",
				"value": ""
			},
			{
				"name": "Git Tag",
				"value": ""
			},
			{
				"name": "Component Path",
				"value": ""
			},
			{
				"name": "Program",
				"value": ""
			},
			{
				"name": "Customer",
				"value": ""
			},
			{
				"name": "Option",
				"multiple": true,
				"value": []
			},
			{
				"name": "SCA",
				"multiple": true,
				"value": []
			},
			{
				"name": "License Type",
				"value": ""
			},
			{
				"name": "Domain",
				"multiple": true,
				"value": []
			}
		],
		"closed_on": null
	},
	"key": "d22d9666ebbcbeee5a40e2d6d911b9832259667c"
}
